{
    "seed": 42,
    "proposal_sigma": 0.5,
    "tolerance": 0.1,
    "N": 500,
    "M": 100,
    "a": 1,
    "sigma": 1.7320508075688772,
    "sigma_1": 0.31622776601683794,
    "data_mean": 0,
    "acceptance_rate": 0.056363636363636366
}