{
    "seed": 42,
    "proposal_var": 0.01,
    "tolerance": 0.025,
    "N": 500,
    "M": 100,
    "a": 1,
    "sigma": 1.7320508075688772,
    "sigma_1": 0.31622776601683794,
    "data_mean": 0,
    "ess_lag": 10,
    "acceptance_rate": 0.08502024291497975
}