{
    "proposal_sigma": 0.1,
    "tolerance": 0.25,
    "N": 500,
    "M": 100,
    "a": 1,
    "sigma": 1.7320508075688772,
    "sigma_1": 0.31622776601683794,
    "data_mean": 0,
    "acceptance_rate": 0.39090909090909093
}