{
    "seed": 42,
    "tolerance": 0.75,
    "N": 500,
    "M": 100,
    "a": 1,
    "sigma": 1.7320508075688772,
    "sigma_1": 0.31622776601683794,
    "acceptance_rate": 0.3076923076923077
}